{
    "kano": [12.008625, 8.536092, 1500],
    "kaduna": [10.514838, 7.418657, 2000],
    "lagos": [6.523833, 3.347473, 200],
    "abuja" : [9.074330, 7.483963, 2200],
    "port harcourt" : [4.821702, 6.990192, 150],
    "yola" : [9.199862, 12.488802, 1500],
    "sokoto" : [13.039775, 5.233011, 2000],
    "maiduguri" : [11.837794, 13.151032, 2000]
}
